6/1/2020 7:00,6/1/2020 19:00,hmdjm,puszkiew
6/1/2020 19:00,6/2/2020 7:00,sempd,levino
6/2/2020 7:00,6/2/2020 19:00,hmdjm,puszkiew
6/2/2020 19:00,6/3/2020 7:00,sempd,levino
6/3/2020 7:00,6/3/2020 19:00,hmdjm,akadewer
6/3/2020 19:00,6/4/2020 7:00,levino,kollbec
6/4/2020 7:00,6/4/2020 19:00,hmdjm,akadewer
6/4/2020 19:00,6/5/2020 7:00,levino,kollbec
6/5/2020 7:00,6/5/2020 19:00,akadewer,
6/5/2020 19:00,6/6/2020 7:00,kollbec,
6/6/2020 7:00,6/6/2020 19:00,akadewer,aaisma
6/6/2020 19:00,6/7/2020 7:00,kollbec,jonesmap
6/7/2020 7:00,6/7/2020 19:00,aaisma,
6/7/2020 19:00,6/8/2020 7:00,jonesmap,
6/8/2020 7:00,6/8/2020 19:00,aaisma,sempd
6/8/2020 19:00,6/9/2020 7:00,jonesmap,puszkiew
6/9/2020 7:00,6/9/2020 19:00,aaisma,sempd
6/9/2020 19:00,6/10/2020 7:00,jonesmap,puszkiew
6/10/2020 7:00,6/10/2020 19:00,sempd,levino
6/10/2020 19:00,6/11/2020 7:00,puszkiew,hmdjm
6/11/2020 7:00,6/11/2020 19:00,sempd,levino
6/11/2020 19:00,6/12/2020 7:00,puszkiew,hmdjm
6/12/2020 7:00,6/12/2020 19:00,levino,kollbec
6/12/2020 19:00,6/13/2020 7:00,hmdjm,akadewer
6/13/2020 7:00,6/13/2020 19:00,levino,kollbec
6/13/2020 19:00,6/14/2020 7:00,hmdjm,akadewer
6/14/2020 7:00,6/14/2020 19:00,levino,kollbec
6/14/2020 19:00,6/15/2020 7:00,hmdjm,akadewer
6/15/2020 7:00,6/15/2020 19:00,jonesmap,kollbec
6/15/2020 19:00,6/16/2020 7:00,akadewer,aaisma
6/16/2020 7:00,6/16/2020 19:00,jonesmap,kollbec
6/16/2020 19:00,6/17/2020 7:00,akadewer,aaisma
6/17/2020 7:00,6/17/2020 19:00,jonesmap,puszkiew
6/17/2020 19:00,6/18/2020 7:00,aaisma,sempd
6/18/2020 7:00,6/18/2020 19:00,jonesmap,puszkiew
6/18/2020 19:00,6/19/2020 7:00,aaisma,sempd
6/19/2020 7:00,6/19/2020 19:00,jonesmap,puszkiew
6/19/2020 19:00,6/20/2020 7:00,aaisma,sempd
6/20/2020 7:00,6/20/2020 19:00,puszkiew,hmdjm
6/20/2020 19:00,6/21/2020 7:00,levino,sempd
6/21/2020 7:00,6/21/2020 19:00,puszkiew,hmdjm
6/21/2020 19:00,6/22/2020 7:00,levino,sempd
6/22/2020 7:00,6/22/2020 19:00,hmdjm,akadewer
6/22/2020 19:00,6/23/2020 7:00,levino,kollbec
6/23/2020 7:00,6/23/2020 19:00,hmdjm,akadewer
6/23/2020 19:00,6/24/2020 7:00,levino,kollbec
6/24/2020 7:00,6/24/2020 19:00,akadewer,
6/24/2020 19:00,6/25/2020 7:00,kollbec,
6/25/2020 7:00,6/25/2020 19:00,akadewer,aaisma
6/25/2020 19:00,6/26/2020 7:00,kollbec,jonesmap
6/26/2020 7:00,6/26/2020 19:00,aaisma,
6/26/2020 19:00,6/27/2020 7:00,jonesmap,
6/27/2020 7:00,6/27/2020 19:00,aaisma,sempd
6/27/2020 19:00,6/28/2020 7:00,jonesmap,puszkiew
6/28/2020 7:00,6/28/2020 19:00,aaisma,sempd
6/28/2020 19:00,6/29/2020 7:00,jonesmap,puszkiew
6/29/2020 7:00,6/29/2020 19:00,sempd,levino
6/29/2020 19:00,6/30/2020 7:00,puszkiew,hmdjm
6/30/2020 7:00,6/30/2020 19:00,sempd,levino
6/30/2020 19:00,7/1/2020 7:00,puszkiew,hmdjm
